didt_on_X,didt_on_Y,didt_off_X,didt_off_Y,dvdt_off_X,dvdt_off_Y,dvdt_on_X,dvdt_on_Y
49.703440094899406,4.376947040498447,49.70344009489935,2.118380062305299,49.70344009489932,19.641744548286606,49.70344009489932,24.93769470404984
77.69869513641777,5.272585669781936,75.80071174377247,3.9096573208722774,79.12218268090174,22.25077881619938,82.9181494661924,26.222741433021802
100.00000000000026,5.934579439252339,100.00000000000026,5.467289719626169,100.00000000000026,23.574766355140188,100.00000000000026,26.534267912772584
129.41874258600268,6.713395638629283,127.52075919335738,7.102803738317757,131.316725978648,25.24922118380062,127.52075919335738,26.92367601246106
166.4294187425864,7.570093457943926,162.63345195729573,9.049844236760126,170.225385527877,26.3006230529595,164.5314353499411,27.00155763239875
199.64412811387945,8.232087227414329,199.6441281138795,10.88006230529595,200.11862396204054,26.88473520249221,199.6441281138795,26.88473520249221
232.85883748517256,8.777258566978194,232.85883748517256,12.359813084112151,239.9762752075925,27.58566978193146,237.60379596678587,26.651090342679126
265.12455516014296,9.244548286604363,270.8185053380789,13.800623052959502,276.03795966785356,28.169781931464172,272.7164887307242,26.222741433021802
299.76275207592,9.595015576323988,300.2372479240814,14.774143302180683,300.2372479240813,28.5202492211838,300.2372479240813,25.755451713395637
333.4519572953744,9.82866043613707,335.34994068801984,15.747663551401867,333.4519572953744,28.94859813084112,332.9774614472131,25.13239875389408
366.6666666666675,9.984423676012462,369.5136417556355,16.526479750778815,369.5136417556355,29.221183800623052,369.5136417556355,24.314641744548283
399.8813760379606,9.984423676012462,399.8813760379606,17.03271028037383,399.8813760379606,29.49376947040498,399.8813760379606,23.730529595015575
434.5195729537377,10.023364485981311,437.8410438908669,17.5,429.30011862396293,29.80529595015576,436.89205219454425,23.10747663551402
461.5658362989334,9.984423676012465,472.9537366548053,17.733644859813083,460.1423487544495,30.11682242990654,472.00474495848266,22.601246105919003
500.00000000000114,9.984423676012462,500.00000000000114,17.77258566978193,500.0000000000009,30.194704049844233,500.00000000000114,22.28971962616822
