Tj,Rdson_normalized
-39.94708994708995, 0.9922476465333607
-31.393298059964735, 0.9798134405277263
-25.13227513227514, 0.9720456263313406
-16.31393298059966, 0.965066996495568
-7.319223985890645, 0.9651020408163267
-0.08818342151676006, 0.9674678760393047
9.082892416225747, 0.9752958152958153
17.460317460317484, 0.9870167663024809
24.86772486772489, 1.0010716003573148
33.95061728395062, 1.0221459492888065
42.50440917107585, 1.0463351199065487
49.91181657848324, 1.0712990448704736
58.641975308642, 1.1048395519824095
67.01940035273373, 1.1407163471449187
74.86772486772489, 1.1781495224352367
83.50970017636686, 1.2257156600013746
92.23985890652557, 1.2763990242561674
100.00000000000003, 1.3247409468838043
108.28924162257496, 1.380097917955061
118.1657848324515, 1.4533831512402944
124.86772486772489, 1.5063962756819902
132.80423280423284, 1.5711025218168078
142.41622574955912, 1.6584126984126986
150, 1.7270136741565314
157.40740740740742, 1.8018477289905865
166.0493827160494, 1.8899333470762045
174.8677248677249, 1.9858118600975747
182.80423280423284, 2.075453171167457
191.53439153439157, 2.1767858860716007
200.00000000000003, 2.2796760118188693
